page,price,name
https://www.alltime.ru/watch/,"
										2 750 Р									",
https://www.alltime.ru/watch/,"
										14 900 Р									",
https://www.alltime.ru/watch/,"
										48 800 Р									",
https://www.alltime.ru/watch/,"
										30 480 Р									",
https://www.alltime.ru/watch/,"
										110 000 Р									",
https://www.alltime.ru/watch/,"
										18 100 Р									",
https://www.alltime.ru/watch/,"
										116 860 Р									",
https://www.alltime.ru/watch/,"
										179 400 Р									",
https://www.alltime.ru/watch/,"
										49 550 Р									",
https://www.alltime.ru/watch/,"
										280 000 Р									",
https://www.alltime.ru/watch/,"
										66 390 Р									",
https://www.alltime.ru/watch/,"
										98 400 Р									",
https://www.alltime.ru/watch/,"
										233 300 Р									",
https://www.alltime.ru/watch/,"
										39 490 Р									",
https://www.alltime.ru/watch/,"
										71 210 Р									",
https://www.alltime.ru/watch/,"
										159 990 Р									",
https://www.alltime.ru/watch/,"
										19 990 Р									",
https://www.alltime.ru/watch/,"
										181 190 Р									",
https://www.alltime.ru/watch/,"
										359 990 Р									",
https://www.alltime.ru/watch/,"
										13 070 Р									",
https://www.alltime.ru/watch/,"
										11 890 Р									",
https://www.alltime.ru/watch/,"
										26 570 Р									",
https://www.alltime.ru/watch/,"
										390 000 Р									",
https://www.alltime.ru/watch/,"
										24 690 Р									",
https://www.alltime.ru/watch/,"
										9 850 Р									",
https://www.alltime.ru/watch/,"
										14 780 Р									",
https://www.alltime.ru/watch/,"
										30 690 Р									",
https://www.alltime.ru/watch/,"
										29 900 Р									",
https://www.alltime.ru/watch/,"
										23 990 Р									",
https://www.alltime.ru/watch/,"
										29 990 Р									",
https://www.alltime.ru/watch/,"
										12 500 Р									",
https://www.alltime.ru/watch/,"
										21 290 Р									",
https://www.alltime.ru/watch/,"
										31 620 Р									",
https://www.alltime.ru/watch/,"
										23 840 Р									",
https://www.alltime.ru/watch/,"
										79 990 Р									",
https://www.alltime.ru/watch/,"
										16 770 Р									",
https://www.alltime.ru/watch/,"
										157 200 Р									",
https://www.alltime.ru/watch/,"
										38 100 Р									",
https://www.alltime.ru/watch/,"
										45 990 Р									",
https://www.alltime.ru/watch/,"
										79 510 Р									",
https://www.alltime.ru/watch/,"
										49 790 Р									",
https://www.alltime.ru/watch/,"
										39 700 Р									",
https://www.alltime.ru/watch/,"
										28 790 Р									",
https://www.alltime.ru/watch/,"
										39 490 Р									",
https://www.alltime.ru/watch/,"
										47 390 Р									",
https://www.alltime.ru/watch/,"
										163 590 Р									",
https://www.alltime.ru/watch/,"
										11 720 Р									",
https://www.alltime.ru/watch/,"
										42 370 Р									",
https://www.alltime.ru/watch/,"
										9 960 Р									",
https://www.alltime.ru/watch/,"
										310 000 Р									",
https://www.alltime.ru/watch/,"
										23 890 Р									",
https://www.alltime.ru/watch/,"
										100 200 Р									",
https://www.alltime.ru/watch/,"
										36 420 Р									",
https://www.alltime.ru/watch/,"
										94 000 Р									",
https://www.alltime.ru/watch/,"
										649 990 Р									",
https://www.alltime.ru/watch/,"
										16 990 Р									",
https://www.alltime.ru/watch/,"
										28 200 Р									",
https://www.alltime.ru/watch/,"
										247 700 Р									",
https://www.alltime.ru/watch/,"
										54 590 Р									",
https://www.alltime.ru/watch/,"
										5 940 Р									",
https://www.alltime.ru/watch/?PAGEN_1=2,"
										6 490 Р									",
https://www.alltime.ru/watch/?PAGEN_1=2,"
										49 690 Р									",
https://www.alltime.ru/watch/?PAGEN_1=2,"
										55 830 Р									",
https://www.alltime.ru/watch/?PAGEN_1=2,"
										33 100 Р									",
https://www.alltime.ru/watch/?PAGEN_1=2,"
										37 890 Р									",
https://www.alltime.ru/watch/?PAGEN_1=2,"
										47 790 Р									",
https://www.alltime.ru/watch/?PAGEN_1=2,"
										22 900 Р									",
https://www.alltime.ru/watch/?PAGEN_1=2,"
										2 010 Р									",
https://www.alltime.ru/watch/?PAGEN_1=2,"
										28 490 Р									",
https://www.alltime.ru/watch/?PAGEN_1=2,"
										12 990 Р									",
https://www.alltime.ru/watch/?PAGEN_1=2,"
										20 940 Р									",
https://www.alltime.ru/watch/?PAGEN_1=2,"
										24 400 Р									",
https://www.alltime.ru/watch/?PAGEN_1=2,"
										32 030 Р									",
https://www.alltime.ru/watch/?PAGEN_1=2,"
										19 490 Р									",
https://www.alltime.ru/watch/?PAGEN_1=2,"
										39 490 Р									",
https://www.alltime.ru/watch/?PAGEN_1=2,"
										84 000 Р									",
https://www.alltime.ru/watch/?PAGEN_1=2,"
										24 990 Р									",
https://www.alltime.ru/watch/?PAGEN_1=2,"
										490 000 Р									",
https://www.alltime.ru/watch/?PAGEN_1=2,"
										72 990 Р									",
https://www.alltime.ru/watch/?PAGEN_1=2,"
										19 990 Р									",
https://www.alltime.ru/watch/?PAGEN_1=2,"
										21 700 Р									",
https://www.alltime.ru/watch/?PAGEN_1=2,"
										108 990 Р									",
https://www.alltime.ru/watch/?PAGEN_1=2,"
										24 970 Р									",
https://www.alltime.ru/watch/?PAGEN_1=2,"
										120 990 Р									",
https://www.alltime.ru/watch/?PAGEN_1=2,"
										23 990 Р									",
https://www.alltime.ru/watch/?PAGEN_1=2,"
										23 500 Р									",
https://www.alltime.ru/watch/?PAGEN_1=2,"
										141 000 Р									",
https://www.alltime.ru/watch/?PAGEN_1=2,"
										42 370 Р									",
https://www.alltime.ru/watch/?PAGEN_1=2,"
										20 290 Р									",
https://www.alltime.ru/watch/?PAGEN_1=2,"
										1 930 Р									",
https://www.alltime.ru/watch/?PAGEN_1=2,"
										13 990 Р									",
https://www.alltime.ru/watch/?PAGEN_1=2,"
										10 430 Р									",
https://www.alltime.ru/watch/?PAGEN_1=2,"
										33 490 Р									",
https://www.alltime.ru/watch/?PAGEN_1=2,"
										14 990 Р									",
https://www.alltime.ru/watch/?PAGEN_1=2,"
										42 190 Р									",
https://www.alltime.ru/watch/?PAGEN_1=2,"
										25 990 Р									",
https://www.alltime.ru/watch/?PAGEN_1=2,"
										36 200 Р									",
https://www.alltime.ru/watch/?PAGEN_1=2,"
										35 990 Р									",
https://www.alltime.ru/watch/?PAGEN_1=2,"
										32 290 Р									",
https://www.alltime.ru/watch/?PAGEN_1=2,"
										4 150 Р									",
https://www.alltime.ru/watch/?PAGEN_1=2,"
										9 190 Р									",
https://www.alltime.ru/watch/?PAGEN_1=2,"
										56 650 Р									",
https://www.alltime.ru/watch/?PAGEN_1=2,"
										32 970 Р									",
https://www.alltime.ru/watch/?PAGEN_1=2,"
										40 280 Р									",
https://www.alltime.ru/watch/?PAGEN_1=2,"
										10 840 Р									",
https://www.alltime.ru/watch/?PAGEN_1=2,"
										730 240 Р									",
https://www.alltime.ru/watch/?PAGEN_1=2,"
										205 200 Р									",
https://www.alltime.ru/watch/?PAGEN_1=2,"
										37 350 Р									",
https://www.alltime.ru/watch/?PAGEN_1=2,"
										25 130 Р									",
https://www.alltime.ru/watch/?PAGEN_1=2,"
										25 590 Р									",
https://www.alltime.ru/watch/?PAGEN_1=2,"
										13 200 Р									",
https://www.alltime.ru/watch/?PAGEN_1=2,"
										45 490 Р									",
https://www.alltime.ru/watch/?PAGEN_1=2,"
										396 000 Р									",
https://www.alltime.ru/watch/?PAGEN_1=2,"
										36 880 Р									",
https://www.alltime.ru/watch/?PAGEN_1=2,"
										15 490 Р									",
https://www.alltime.ru/watch/?PAGEN_1=2,"
										15 950 Р									",
https://www.alltime.ru/watch/?PAGEN_1=2,"
										47 190 Р									",
https://www.alltime.ru/watch/?PAGEN_1=2,"
										47 990 Р									",
https://www.alltime.ru/watch/?PAGEN_1=2,"
										24 880 Р									",
https://www.alltime.ru/watch/?PAGEN_1=2,"
										60 900 Р									",
https://www.alltime.ru/watch/?PAGEN_1=3,"
										452 000 Р									",
https://www.alltime.ru/watch/?PAGEN_1=3,"
										679 990 Р									",
https://www.alltime.ru/watch/?PAGEN_1=3,"
										24 600 Р									",
https://www.alltime.ru/watch/?PAGEN_1=3,"
										7 990 Р									",
https://www.alltime.ru/watch/?PAGEN_1=3,"
										26 440 Р									",
https://www.alltime.ru/watch/?PAGEN_1=3,"
										25 190 Р									",
https://www.alltime.ru/watch/?PAGEN_1=3,"
										258 000 Р									",
https://www.alltime.ru/watch/?PAGEN_1=3,"
										11 100 Р									",
https://www.alltime.ru/watch/?PAGEN_1=3,"
										18 530 Р									",
https://www.alltime.ru/watch/?PAGEN_1=3,"
										22 760 Р									",
https://www.alltime.ru/watch/?PAGEN_1=3,"
										63 290 Р									",
https://www.alltime.ru/watch/?PAGEN_1=3,"
										39 970 Р									",
https://www.alltime.ru/watch/?PAGEN_1=3,"
										24 600 Р									",
https://www.alltime.ru/watch/?PAGEN_1=3,"
										14 000 Р									",
https://www.alltime.ru/watch/?PAGEN_1=3,"
										21 290 Р									",
https://www.alltime.ru/watch/?PAGEN_1=3,"
										31 730 Р									",
https://www.alltime.ru/watch/?PAGEN_1=3,"
										1 910 Р									",
https://www.alltime.ru/watch/?PAGEN_1=3,"
										57 100 Р									",
https://www.alltime.ru/watch/?PAGEN_1=3,"
										20 090 Р									",
https://www.alltime.ru/watch/?PAGEN_1=3,"
										28 900 Р									",
https://www.alltime.ru/watch/?PAGEN_1=3,"
										3 580 Р									",
https://www.alltime.ru/watch/?PAGEN_1=3,"
										13 790 Р									",
https://www.alltime.ru/watch/?PAGEN_1=3,"
										29 990 Р									",
https://www.alltime.ru/watch/?PAGEN_1=3,"
										20 540 Р									",
https://www.alltime.ru/watch/?PAGEN_1=3,"
										23 890 Р									",
https://www.alltime.ru/watch/?PAGEN_1=3,"
										13 630 Р									",
https://www.alltime.ru/watch/?PAGEN_1=3,"
										42 370 Р									",
https://www.alltime.ru/watch/?PAGEN_1=3,"
										157 390 Р									",
https://www.alltime.ru/watch/?PAGEN_1=3,"
										10 840 Р									",
https://www.alltime.ru/watch/?PAGEN_1=3,"
										7 990 Р									",
https://www.alltime.ru/watch/?PAGEN_1=3,"
										19 400 Р									",
https://www.alltime.ru/watch/?PAGEN_1=3,"
										41 560 Р									",
https://www.alltime.ru/watch/?PAGEN_1=3,"
										19 300 Р									",
https://www.alltime.ru/watch/?PAGEN_1=3,"
										324 600 Р									",
https://www.alltime.ru/watch/?PAGEN_1=3,"
										14 010 Р									",
https://www.alltime.ru/watch/?PAGEN_1=3,"
										8 620 Р									",
https://www.alltime.ru/watch/?PAGEN_1=3,"
										168 290 Р									",
https://www.alltime.ru/watch/?PAGEN_1=3,"
										10 840 Р									",
https://www.alltime.ru/watch/?PAGEN_1=3,"
										134 900 Р									",
https://www.alltime.ru/watch/?PAGEN_1=3,"
										22 420 Р									",
https://www.alltime.ru/watch/?PAGEN_1=3,"
										19 900 Р									",
https://www.alltime.ru/watch/?PAGEN_1=3,"
										36 890 Р									",
https://www.alltime.ru/watch/?PAGEN_1=3,"
										13 320 Р									",
https://www.alltime.ru/watch/?PAGEN_1=3,"
										15 630 Р									",
https://www.alltime.ru/watch/?PAGEN_1=3,"
										35 050 Р									",
https://www.alltime.ru/watch/?PAGEN_1=3,"
										12 880 Р									",
https://www.alltime.ru/watch/?PAGEN_1=3,"
										16 230 Р									",
https://www.alltime.ru/watch/?PAGEN_1=3,"
										49 600 Р									",
https://www.alltime.ru/watch/?PAGEN_1=3,"
										25 120 Р									",
https://www.alltime.ru/watch/?PAGEN_1=3,"
										81 000 Р									",
https://www.alltime.ru/watch/?PAGEN_1=3,"
										37 690 Р									",
https://www.alltime.ru/watch/?PAGEN_1=3,"
										42 690 Р									",
https://www.alltime.ru/watch/?PAGEN_1=3,"
										9 390 Р									",
https://www.alltime.ru/watch/?PAGEN_1=3,"
										55 670 Р									",
https://www.alltime.ru/watch/?PAGEN_1=3,"
										30 390 Р									",
https://www.alltime.ru/watch/?PAGEN_1=3,"
										13 500 Р									",
https://www.alltime.ru/watch/?PAGEN_1=3,"
										142 290 Р									",
https://www.alltime.ru/watch/?PAGEN_1=3,"
										53 990 Р									",
https://www.alltime.ru/watch/?PAGEN_1=3,"
										32 690 Р									",
https://www.alltime.ru/watch/?PAGEN_1=3,"
										41 100 Р									",
https://www.alltime.ru/watch/?PAGEN_1=4,"
										36 200 Р									",
https://www.alltime.ru/watch/?PAGEN_1=4,"
										125 800 Р									",
https://www.alltime.ru/watch/?PAGEN_1=4,"
										11 640 Р									",
https://www.alltime.ru/watch/?PAGEN_1=4,"
										11 340 Р									",
https://www.alltime.ru/watch/?PAGEN_1=4,"
										68 900 Р									",
https://www.alltime.ru/watch/?PAGEN_1=4,"
										11 750 Р									",
https://www.alltime.ru/watch/?PAGEN_1=4,"
										11 490 Р									",
https://www.alltime.ru/watch/?PAGEN_1=4,"
										19 900 Р									",
https://www.alltime.ru/watch/?PAGEN_1=4,"
										19 990 Р									",
https://www.alltime.ru/watch/?PAGEN_1=4,"
										25 120 Р									",
https://www.alltime.ru/watch/?PAGEN_1=4,"
										16 190 Р									",
https://www.alltime.ru/watch/?PAGEN_1=4,"
										6 990 Р									",
https://www.alltime.ru/watch/?PAGEN_1=4,"
										19 800 Р									",
https://www.alltime.ru/watch/?PAGEN_1=4,"
										9 470 Р									",
https://www.alltime.ru/watch/?PAGEN_1=4,"
										17 290 Р									",
https://www.alltime.ru/watch/?PAGEN_1=4,"
										13 990 Р									",
https://www.alltime.ru/watch/?PAGEN_1=4,"
										35 360 Р									",
https://www.alltime.ru/watch/?PAGEN_1=4,"
										12 440 Р									",
https://www.alltime.ru/watch/?PAGEN_1=4,"
										16 540 Р									",
https://www.alltime.ru/watch/?PAGEN_1=4,"
										15 370 Р									",
https://www.alltime.ru/watch/?PAGEN_1=4,"
										11 190 Р									",
https://www.alltime.ru/watch/?PAGEN_1=4,"
										23 890 Р									",
https://www.alltime.ru/watch/?PAGEN_1=4,"
										200 000 Р									",
https://www.alltime.ru/watch/?PAGEN_1=4,"
										19 110 Р									",
https://www.alltime.ru/watch/?PAGEN_1=4,"
										26 290 Р									",
https://www.alltime.ru/watch/?PAGEN_1=4,"
										16 270 Р									",
https://www.alltime.ru/watch/?PAGEN_1=4,"
										24 760 Р									",
https://www.alltime.ru/watch/?PAGEN_1=4,"
										36 100 Р									",
https://www.alltime.ru/watch/?PAGEN_1=4,"
										192 590 Р									",
https://www.alltime.ru/watch/?PAGEN_1=4,"
										9 590 Р									",
https://www.alltime.ru/watch/?PAGEN_1=4,"
										37 200 Р									",
https://www.alltime.ru/watch/?PAGEN_1=4,"
										45 860 Р									",
https://www.alltime.ru/watch/?PAGEN_1=4,"
										15 950 Р									",
https://www.alltime.ru/watch/?PAGEN_1=4,"
										11 700 Р									",
https://www.alltime.ru/watch/?PAGEN_1=4,"
										64 000 Р									",
https://www.alltime.ru/watch/?PAGEN_1=4,"
										77 100 Р									",
https://www.alltime.ru/watch/?PAGEN_1=4,"
										13 430 Р									",
https://www.alltime.ru/watch/?PAGEN_1=4,"
										12 440 Р									",
https://www.alltime.ru/watch/?PAGEN_1=4,"
										2 700 Р									",
https://www.alltime.ru/watch/?PAGEN_1=4,"
										55 000 Р									",
https://www.alltime.ru/watch/?PAGEN_1=4,"
										10 760 Р									",
https://www.alltime.ru/watch/?PAGEN_1=4,"
										14 130 Р									",
https://www.alltime.ru/watch/?PAGEN_1=4,"
										22 500 Р									",
https://www.alltime.ru/watch/?PAGEN_1=4,"
										25 500 Р									",
https://www.alltime.ru/watch/?PAGEN_1=4,"
										22 690 Р									",
https://www.alltime.ru/watch/?PAGEN_1=4,"
										19 900 Р									",
https://www.alltime.ru/watch/?PAGEN_1=4,"
										11 140 Р									",
https://www.alltime.ru/watch/?PAGEN_1=4,"
										14 900 Р									",
https://www.alltime.ru/watch/?PAGEN_1=4,"
										20 350 Р									",
https://www.alltime.ru/watch/?PAGEN_1=4,"
										43 000 Р									",
https://www.alltime.ru/watch/?PAGEN_1=4,"
										78 700 Р									",
https://www.alltime.ru/watch/?PAGEN_1=4,"
										59 100 Р									",
https://www.alltime.ru/watch/?PAGEN_1=4,"
										25 000 Р									",
https://www.alltime.ru/watch/?PAGEN_1=4,"
										35 990 Р									",
https://www.alltime.ru/watch/?PAGEN_1=4,"
										82 990 Р									",
https://www.alltime.ru/watch/?PAGEN_1=4,"
										111 100 Р									",
https://www.alltime.ru/watch/?PAGEN_1=4,"
										19 210 Р									",
https://www.alltime.ru/watch/?PAGEN_1=4,"
										94 900 Р									",
https://www.alltime.ru/watch/?PAGEN_1=4,"
										14 510 Р									",
https://www.alltime.ru/watch/?PAGEN_1=4,"
										33 440 Р									",
https://www.alltime.ru/watch/?PAGEN_1=5,"
										14 930 Р									",
https://www.alltime.ru/watch/?PAGEN_1=5,"
										22 390 Р									",
https://www.alltime.ru/watch/?PAGEN_1=5,"
										15 230 Р									",
https://www.alltime.ru/watch/?PAGEN_1=5,"
										43 000 Р									",
https://www.alltime.ru/watch/?PAGEN_1=5,"
										19 900 Р									",
https://www.alltime.ru/watch/?PAGEN_1=5,"
										49 500 Р									",
https://www.alltime.ru/watch/?PAGEN_1=5,"
										19 880 Р									",
https://www.alltime.ru/watch/?PAGEN_1=5,"
										17 770 Р									",
https://www.alltime.ru/watch/?PAGEN_1=5,"
										18 100 Р									",
https://www.alltime.ru/watch/?PAGEN_1=5,"
										8 390 Р									",
https://www.alltime.ru/watch/?PAGEN_1=5,"
										33 750 Р									",
https://www.alltime.ru/watch/?PAGEN_1=5,"
										31 390 Р									",
https://www.alltime.ru/watch/?PAGEN_1=5,"
										34 850 Р									",
https://www.alltime.ru/watch/?PAGEN_1=5,"
										31 900 Р									",
https://www.alltime.ru/watch/?PAGEN_1=5,"
										32 490 Р									",
https://www.alltime.ru/watch/?PAGEN_1=5,"
										88 600 Р									",
https://www.alltime.ru/watch/?PAGEN_1=5,"
										14 620 Р									",
https://www.alltime.ru/watch/?PAGEN_1=5,"
										46 470 Р									",
https://www.alltime.ru/watch/?PAGEN_1=5,"
										43 450 Р									",
https://www.alltime.ru/watch/?PAGEN_1=5,"
										11 930 Р									",
https://www.alltime.ru/watch/?PAGEN_1=5,"
										15 000 Р									",
https://www.alltime.ru/watch/?PAGEN_1=5,"
										5 000 Р									",
https://www.alltime.ru/watch/?PAGEN_1=5,"
										10 000 Р									",
https://www.alltime.ru/watch/?PAGEN_1=5,"
										3 000 Р									",
https://www.alltime.ru/watch/?PAGEN_1=5,"
										5 000 Р									",
https://www.alltime.ru/watch/?PAGEN_1=5,"
										12 940 Р									",
https://www.alltime.ru/watch/?PAGEN_1=5,"
										49 390 Р									",
https://www.alltime.ru/watch/?PAGEN_1=5,"
										2 750 Р									",
https://www.alltime.ru/watch/?PAGEN_1=5,"
										33 790 Р									",
https://www.alltime.ru/watch/?PAGEN_1=5,"
										16 990 Р									",
https://www.alltime.ru/watch/?PAGEN_1=5,"
										34 990 Р									",
https://www.alltime.ru/watch/?PAGEN_1=5,"
										29 990 Р									",
https://www.alltime.ru/watch/?PAGEN_1=5,"
										6 560 Р									",
https://www.alltime.ru/watch/?PAGEN_1=5,"
										5 190 Р									",
https://www.alltime.ru/watch/?PAGEN_1=5,"
										21 660 Р									",
https://www.alltime.ru/watch/?PAGEN_1=5,"
										4 990 Р									",
https://www.alltime.ru/watch/?PAGEN_1=5,"
										41 490 Р									",
https://www.alltime.ru/watch/?PAGEN_1=5,"
										34 990 Р									",
https://www.alltime.ru/watch/?PAGEN_1=5,"
										9 990 Р									",
https://www.alltime.ru/watch/?PAGEN_1=5,"
										34 990 Р									",
https://www.alltime.ru/watch/?PAGEN_1=5,"
										5 490 Р									",
https://www.alltime.ru/watch/?PAGEN_1=5,"
										36 690 Р									",
https://www.alltime.ru/watch/?PAGEN_1=5,"
										3 990 Р									",
https://www.alltime.ru/watch/?PAGEN_1=5,"
										3 490 Р									",
https://www.alltime.ru/watch/?PAGEN_1=5,"
										23 490 Р									",
https://www.alltime.ru/watch/?PAGEN_1=5,"
										90 630 Р									",
https://www.alltime.ru/watch/?PAGEN_1=5,"
										45 990 Р									",
https://www.alltime.ru/watch/?PAGEN_1=5,"
										34 990 Р									",
https://www.alltime.ru/watch/?PAGEN_1=5,"
										5 490 Р									",
https://www.alltime.ru/watch/?PAGEN_1=5,"
										34 990 Р									",
https://www.alltime.ru/watch/?PAGEN_1=5,"
										29 590 Р									",
https://www.alltime.ru/watch/?PAGEN_1=5,"
										26 290 Р									",
https://www.alltime.ru/watch/?PAGEN_1=5,"
										43 900 Р									",
https://www.alltime.ru/watch/?PAGEN_1=5,"
										7 990 Р									",
https://www.alltime.ru/watch/?PAGEN_1=5,"
										43 090 Р									",
https://www.alltime.ru/watch/?PAGEN_1=5,"
										27 800 Р									",
https://www.alltime.ru/watch/?PAGEN_1=5,"
										18 190 Р									",
https://www.alltime.ru/watch/?PAGEN_1=5,"
										136 200 Р									",
https://www.alltime.ru/watch/?PAGEN_1=5,"
										108 080 Р									",
https://www.alltime.ru/watch/?PAGEN_1=5,"
										42 000 Р									",
https://www.alltime.ru/watch/?PAGEN_1=6,"
										43 090 Р									",
https://www.alltime.ru/watch/?PAGEN_1=6,"
										36 910 Р									",
https://www.alltime.ru/watch/?PAGEN_1=6,"
										51 000 Р									",
https://www.alltime.ru/watch/?PAGEN_1=6,"
										40 990 Р									",
https://www.alltime.ru/watch/?PAGEN_1=6,"
										22 090 Р									",
https://www.alltime.ru/watch/?PAGEN_1=6,"
										14 430 Р									",
https://www.alltime.ru/watch/?PAGEN_1=6,"
										30 500 Р									",
https://www.alltime.ru/watch/?PAGEN_1=6,"
										24 090 Р									",
https://www.alltime.ru/watch/?PAGEN_1=6,"
										29 590 Р									",
https://www.alltime.ru/watch/?PAGEN_1=6,"
										47 890 Р									",
https://www.alltime.ru/watch/?PAGEN_1=6,"
										94 700 Р									",
https://www.alltime.ru/watch/?PAGEN_1=6,"
										44 850 Р									",
https://www.alltime.ru/watch/?PAGEN_1=6,"
										70 090 Р									",
https://www.alltime.ru/watch/?PAGEN_1=6,"
										254 310 Р									",
https://www.alltime.ru/watch/?PAGEN_1=6,"
										31 990 Р									",
https://www.alltime.ru/watch/?PAGEN_1=6,"
										52 990 Р									",
https://www.alltime.ru/watch/?PAGEN_1=6,"
										426 000 Р									",
https://www.alltime.ru/watch/?PAGEN_1=6,"
										70 600 Р									",
https://www.alltime.ru/watch/?PAGEN_1=6,"
										248 000 Р									",
https://www.alltime.ru/watch/?PAGEN_1=6,"
										39 400 Р									",
https://www.alltime.ru/watch/?PAGEN_1=6,"
										43 600 Р									",
https://www.alltime.ru/watch/?PAGEN_1=6,"
										30 590 Р									",
https://www.alltime.ru/watch/?PAGEN_1=6,"
										32 290 Р									",
https://www.alltime.ru/watch/?PAGEN_1=6,"
										32 290 Р									",
https://www.alltime.ru/watch/?PAGEN_1=6,"
										319 700 Р									",
https://www.alltime.ru/watch/?PAGEN_1=6,"
										56 290 Р									",
https://www.alltime.ru/watch/?PAGEN_1=6,"
										29 890 Р									",
https://www.alltime.ru/watch/?PAGEN_1=6,"
										24 900 Р									",
https://www.alltime.ru/watch/?PAGEN_1=6,"
										40 100 Р									",
https://www.alltime.ru/watch/?PAGEN_1=6,"
										41 990 Р									",
https://www.alltime.ru/watch/?PAGEN_1=6,"
										15 590 Р									",
https://www.alltime.ru/watch/?PAGEN_1=6,"
										43 500 Р									",
https://www.alltime.ru/watch/?PAGEN_1=6,"
										59 990 Р									",
https://www.alltime.ru/watch/?PAGEN_1=6,"
										29 990 Р									",
https://www.alltime.ru/watch/?PAGEN_1=6,"
										359 990 Р									",
https://www.alltime.ru/watch/?PAGEN_1=6,"
										219 990 Р									",
https://www.alltime.ru/watch/?PAGEN_1=6,"
										50 990 Р									",
https://www.alltime.ru/watch/?PAGEN_1=6,"
										58 760 Р									",
https://www.alltime.ru/watch/?PAGEN_1=6,"
										5 190 Р									",
https://www.alltime.ru/watch/?PAGEN_1=6,"
										13 640 Р									",
https://www.alltime.ru/watch/?PAGEN_1=6,"
										46 800 Р									",
https://www.alltime.ru/watch/?PAGEN_1=6,"
										42 700 Р									",
https://www.alltime.ru/watch/?PAGEN_1=6,"
										104 400 Р									",
https://www.alltime.ru/watch/?PAGEN_1=6,"
										75 300 Р									",
https://www.alltime.ru/watch/?PAGEN_1=6,"
										111 300 Р									",
https://www.alltime.ru/watch/?PAGEN_1=6,"
										12 810 Р									",
https://www.alltime.ru/watch/?PAGEN_1=6,"
										35 890 Р									",
https://www.alltime.ru/watch/?PAGEN_1=6,"
										94 700 Р									",
https://www.alltime.ru/watch/?PAGEN_1=6,"
										40 670 Р									",
https://www.alltime.ru/watch/?PAGEN_1=6,"
										70 090 Р									",
https://www.alltime.ru/watch/?PAGEN_1=6,"
										71 210 Р									",
https://www.alltime.ru/watch/?PAGEN_1=6,"
										254 310 Р									",
https://www.alltime.ru/watch/?PAGEN_1=6,"
										50 990 Р									",
https://www.alltime.ru/watch/?PAGEN_1=6,"
										92 300 Р									",
https://www.alltime.ru/watch/?PAGEN_1=6,"
										16 490 Р									",
https://www.alltime.ru/watch/?PAGEN_1=6,"
										5 230 Р									",
https://www.alltime.ru/watch/?PAGEN_1=6,"
										55 900 Р									",
https://www.alltime.ru/watch/?PAGEN_1=6,"
										34 990 Р									",
https://www.alltime.ru/watch/?PAGEN_1=6,"
										105 230 Р									",
https://www.alltime.ru/watch/?PAGEN_1=6,"
										107 000 Р									",
https://www.alltime.ru/watch/?PAGEN_1=7,"
										51 000 Р									",
https://www.alltime.ru/watch/?PAGEN_1=7,"
										11 490 Р									",
https://www.alltime.ru/watch/?PAGEN_1=7,"
										34 990 Р									",
https://www.alltime.ru/watch/?PAGEN_1=7,"
										6 290 Р									",
https://www.alltime.ru/watch/?PAGEN_1=7,"
										83 400 Р									",
https://www.alltime.ru/watch/?PAGEN_1=7,"
										5 230 Р									",
https://www.alltime.ru/watch/?PAGEN_1=7,"
										68 800 Р									",
https://www.alltime.ru/watch/?PAGEN_1=7,"
										48 100 Р									",
https://www.alltime.ru/watch/?PAGEN_1=7,"
										29 070 Р									",
https://www.alltime.ru/watch/?PAGEN_1=7,"
										13 990 Р									",
https://www.alltime.ru/watch/?PAGEN_1=7,"
										36 990 Р									",
https://www.alltime.ru/watch/?PAGEN_1=7,"
										9 990 Р									",
https://www.alltime.ru/watch/?PAGEN_1=7,"
										29 000 Р									",
https://www.alltime.ru/watch/?PAGEN_1=7,"
										18 390 Р									",
https://www.alltime.ru/watch/?PAGEN_1=7,"
										29 890 Р									",
https://www.alltime.ru/watch/?PAGEN_1=7,"
										94 700 Р									",
https://www.alltime.ru/watch/?PAGEN_1=7,"
										40 670 Р									",
https://www.alltime.ru/watch/?PAGEN_1=7,"
										74 940 Р									",
https://www.alltime.ru/watch/?PAGEN_1=7,"
										71 210 Р									",
https://www.alltime.ru/watch/?PAGEN_1=7,"
										254 310 Р									",
https://www.alltime.ru/watch/?PAGEN_1=7,"
										26 990 Р									",
https://www.alltime.ru/watch/?PAGEN_1=7,"
										5 580 Р									",
https://www.alltime.ru/watch/?PAGEN_1=7,"
										52 990 Р									",
https://www.alltime.ru/watch/?PAGEN_1=7,"
										75 900 Р									",
https://www.alltime.ru/watch/?PAGEN_1=7,"
										16 990 Р									",
https://www.alltime.ru/watch/?PAGEN_1=7,"
										93 800 Р									",
https://www.alltime.ru/watch/?PAGEN_1=7,"
										54 900 Р									",
https://www.alltime.ru/watch/?PAGEN_1=7,"
										9 510 Р									",
https://www.alltime.ru/watch/?PAGEN_1=7,"
										23 700 Р									",
https://www.alltime.ru/watch/?PAGEN_1=7,"
										13 490 Р									",
https://www.alltime.ru/watch/?PAGEN_1=7,"
										29 990 Р									",
https://www.alltime.ru/watch/?PAGEN_1=7,"
										5 190 Р									",
https://www.alltime.ru/watch/?PAGEN_1=7,"
										108 300 Р									",
https://www.alltime.ru/watch/?PAGEN_1=7,"
										26 990 Р									",
https://www.alltime.ru/watch/?PAGEN_1=7,"
										5 230 Р									",
https://www.alltime.ru/watch/?PAGEN_1=7,"
										16 990 Р									",
https://www.alltime.ru/watch/?PAGEN_1=7,"
										18 990 Р									",
https://www.alltime.ru/watch/?PAGEN_1=7,"
										89 000 Р									",
https://www.alltime.ru/watch/?PAGEN_1=7,"
										62 200 Р									",
https://www.alltime.ru/watch/?PAGEN_1=7,"
										52 990 Р									",
https://www.alltime.ru/watch/?PAGEN_1=7,"
										102 000 Р									",
https://www.alltime.ru/watch/?PAGEN_1=7,"
										29 890 Р									",
https://www.alltime.ru/watch/?PAGEN_1=7,"
										94 700 Р									",
https://www.alltime.ru/watch/?PAGEN_1=7,"
										40 670 Р									",
https://www.alltime.ru/watch/?PAGEN_1=7,"
										317 070 Р									",
https://www.alltime.ru/watch/?PAGEN_1=7,"
										45 400 Р									",
https://www.alltime.ru/watch/?PAGEN_1=7,"
										254 310 Р									",
https://www.alltime.ru/watch/?PAGEN_1=7,"
										73 900 Р									",
https://www.alltime.ru/watch/?PAGEN_1=7,"
										12 990 Р									",
https://www.alltime.ru/watch/?PAGEN_1=7,"
										117 000 Р									",
https://www.alltime.ru/watch/?PAGEN_1=7,"
										4 290 Р									",
https://www.alltime.ru/watch/?PAGEN_1=7,"
										66 190 Р									",
https://www.alltime.ru/watch/?PAGEN_1=7,"
										20 990 Р									",
https://www.alltime.ru/watch/?PAGEN_1=7,"
										11 190 Р									",
https://www.alltime.ru/watch/?PAGEN_1=7,"
										106 100 Р									",
https://www.alltime.ru/watch/?PAGEN_1=7,"
										16 990 Р									",
https://www.alltime.ru/watch/?PAGEN_1=7,"
										32 900 Р									",
https://www.alltime.ru/watch/?PAGEN_1=7,"
										13 490 Р									",
https://www.alltime.ru/watch/?PAGEN_1=7,"
										21 809 Р									",
https://www.alltime.ru/watch/?PAGEN_1=7,"
										233 900 Р									",
https://www.alltime.ru/watch/?PAGEN_1=8,"
										108 300 Р									",
https://www.alltime.ru/watch/?PAGEN_1=8,"
										29 890 Р									",
https://www.alltime.ru/watch/?PAGEN_1=8,"
										168 880 Р									",
https://www.alltime.ru/watch/?PAGEN_1=8,"
										40 670 Р									",
https://www.alltime.ru/watch/?PAGEN_1=8,"
										317 040 Р									",
https://www.alltime.ru/watch/?PAGEN_1=8,"
										45 400 Р									",
https://www.alltime.ru/watch/?PAGEN_1=8,"
										254 310 Р									",
https://www.alltime.ru/watch/?PAGEN_1=8,"
										69 890 Р									",
https://www.alltime.ru/watch/?PAGEN_1=8,"
										9 230 Р									",
https://www.alltime.ru/watch/?PAGEN_1=8,"
										7 640 Р									",
https://www.alltime.ru/watch/?PAGEN_1=8,"
										472 000 Р									",
https://www.alltime.ru/watch/?PAGEN_1=8,"
										39 900 Р									",
https://www.alltime.ru/watch/?PAGEN_1=8,"
										9 160 Р									",
https://www.alltime.ru/watch/?PAGEN_1=8,"
										7 490 Р									",
https://www.alltime.ru/watch/?PAGEN_1=8,"
										16 990 Р									",
https://www.alltime.ru/watch/?PAGEN_1=8,"
										77 500 Р									",
https://www.alltime.ru/watch/?PAGEN_1=8,"
										73 400 Р									",
https://www.alltime.ru/watch/?PAGEN_1=8,"
										8 490 Р									",
https://www.alltime.ru/watch/?PAGEN_1=8,"
										36 200 Р									",
https://www.alltime.ru/watch/?PAGEN_1=8,"
										8 990 Р									",
https://www.alltime.ru/watch/?PAGEN_1=8,"
										23 990 Р									",
https://www.alltime.ru/watch/?PAGEN_1=8,"
										50 490 Р									",
https://www.alltime.ru/watch/?PAGEN_1=8,"
										39 300 Р									",
https://www.alltime.ru/watch/?PAGEN_1=8,"
										83 500 Р									",
https://www.alltime.ru/watch/?PAGEN_1=8,"
										55 190 Р									",
https://www.alltime.ru/watch/?PAGEN_1=8,"
										54 600 Р									",
https://www.alltime.ru/watch/?PAGEN_1=8,"
										16 790 Р									",
https://www.alltime.ru/watch/?PAGEN_1=8,"
										48 790 Р									",
https://www.alltime.ru/watch/?PAGEN_1=8,"
										17 370 Р									",
https://www.alltime.ru/watch/?PAGEN_1=8,"
										11 190 Р									",
https://www.alltime.ru/watch/?PAGEN_1=8,"
										16 790 Р									",
https://www.alltime.ru/watch/?PAGEN_1=8,"
										18 490 Р									",
https://www.alltime.ru/watch/?PAGEN_1=8,"
										55 100 Р									",
https://www.alltime.ru/watch/?PAGEN_1=8,"
										48 790 Р									",
https://www.alltime.ru/watch/?PAGEN_1=8,"
										29 890 Р									",
https://www.alltime.ru/watch/?PAGEN_1=8,"
										168 880 Р									",
https://www.alltime.ru/watch/?PAGEN_1=8,"
										40 670 Р									",
https://www.alltime.ru/watch/?PAGEN_1=8,"
										317 040 Р									",
https://www.alltime.ru/watch/?PAGEN_1=8,"
										45 400 Р									",
https://www.alltime.ru/watch/?PAGEN_1=8,"
										42 390 Р									",
https://www.alltime.ru/watch/?PAGEN_1=8,"
										63 990 Р									",
https://www.alltime.ru/watch/?PAGEN_1=8,"
										93 700 Р									",
https://www.alltime.ru/watch/?PAGEN_1=8,"
										34 190 Р									",
https://www.alltime.ru/watch/?PAGEN_1=8,"
										106 700 Р									",
https://www.alltime.ru/watch/?PAGEN_1=8,"
										78 800 Р									",
https://www.alltime.ru/watch/?PAGEN_1=8,"
										21 540 Р									",
https://www.alltime.ru/watch/?PAGEN_1=8,"
										127 000 Р									",
https://www.alltime.ru/watch/?PAGEN_1=8,"
										277 500 Р									",
https://www.alltime.ru/watch/?PAGEN_1=8,"
										201 000 Р									",
https://www.alltime.ru/watch/?PAGEN_1=8,"
										54 400 Р									",
https://www.alltime.ru/watch/?PAGEN_1=8,"
										11 190 Р									",
https://www.alltime.ru/watch/?PAGEN_1=8,"
										63 990 Р									",
https://www.alltime.ru/watch/?PAGEN_1=8,"
										41 890 Р									",
https://www.alltime.ru/watch/?PAGEN_1=8,"
										168 880 Р									",
https://www.alltime.ru/watch/?PAGEN_1=8,"
										40 670 Р									",
https://www.alltime.ru/watch/?PAGEN_1=8,"
										280 830 Р									",
https://www.alltime.ru/watch/?PAGEN_1=8,"
										45 400 Р									",
https://www.alltime.ru/watch/?PAGEN_1=8,"
										69 990 Р									",
https://www.alltime.ru/watch/?PAGEN_1=8,"
										30 940 Р									",
https://www.alltime.ru/watch/?PAGEN_1=8,"
										17 370 Р									",
https://www.alltime.ru/watch/?PAGEN_1=9,"
										5 230 Р									",
https://www.alltime.ru/watch/?PAGEN_1=9,"
										14 150 Р									",
https://www.alltime.ru/watch/?PAGEN_1=9,"
										23 250 Р									",
https://www.alltime.ru/watch/?PAGEN_1=9,"
										2 490 Р									",
https://www.alltime.ru/watch/?PAGEN_1=9,"
										8 990 Р									",
https://www.alltime.ru/watch/?PAGEN_1=9,"
										9 230 Р									",
https://www.alltime.ru/watch/?PAGEN_1=9,"
										4 290 Р									",
https://www.alltime.ru/watch/?PAGEN_1=9,"
										3 990 Р									",
https://www.alltime.ru/watch/?PAGEN_1=9,"
										22 390 Р									",
https://www.alltime.ru/watch/?PAGEN_1=9,"
										5 230 Р									",
https://www.alltime.ru/watch/?PAGEN_1=9,"
										439 990 Р									",
https://www.alltime.ru/watch/?PAGEN_1=9,"
										54 990 Р									",
https://www.alltime.ru/watch/?PAGEN_1=9,"
										12 370 Р									",
https://www.alltime.ru/watch/?PAGEN_1=9,"
										37 590 Р									",
https://www.alltime.ru/watch/?PAGEN_1=9,"
										4 990 Р									",
https://www.alltime.ru/watch/?PAGEN_1=9,"
										22 390 Р									",
https://www.alltime.ru/watch/?PAGEN_1=9,"
										8 490 Р									",
https://www.alltime.ru/watch/?PAGEN_1=9,"
										102 000 Р									",
https://www.alltime.ru/watch/?PAGEN_1=9,"
										45 400 Р									",
https://www.alltime.ru/watch/?PAGEN_1=9,"
										13 310 Р									",
https://www.alltime.ru/watch/?PAGEN_1=9,"
										135 000 Р									",
https://www.alltime.ru/watch/?PAGEN_1=9,"
										13 230 Р									",
https://www.alltime.ru/watch/?PAGEN_1=9,"
										49 700 Р									",
https://www.alltime.ru/watch/?PAGEN_1=9,"
										17 190 Р									",
https://www.alltime.ru/watch/?PAGEN_1=9,"
										48 790 Р									",
https://www.alltime.ru/watch/?PAGEN_1=9,"
										41 890 Р									",
https://www.alltime.ru/watch/?PAGEN_1=9,"
										168 880 Р									",
https://www.alltime.ru/watch/?PAGEN_1=9,"
										43 460 Р									",
https://www.alltime.ru/watch/?PAGEN_1=9,"
										292 830 Р									",
https://www.alltime.ru/watch/?PAGEN_1=9,"
										289 990 Р									",
https://www.alltime.ru/watch/?PAGEN_1=9,"
										63 990 Р									",
https://www.alltime.ru/watch/?PAGEN_1=9,"
										34 980 Р									",
https://www.alltime.ru/watch/?PAGEN_1=9,"
										44 990 Р									",
https://www.alltime.ru/watch/?PAGEN_1=9,"
										5 230 Р									",
https://www.alltime.ru/watch/?PAGEN_1=9,"
										58 080 Р									",
https://www.alltime.ru/watch/?PAGEN_1=9,"
										42 390 Р									",
https://www.alltime.ru/watch/?PAGEN_1=9,"
										72 200 Р									",
https://www.alltime.ru/watch/?PAGEN_1=9,"
										93 700 Р									",
https://www.alltime.ru/watch/?PAGEN_1=9,"
										18 890 Р									",
https://www.alltime.ru/watch/?PAGEN_1=9,"
										22 900 Р									",
https://www.alltime.ru/watch/?PAGEN_1=9,"
										25 290 Р									",
https://www.alltime.ru/watch/?PAGEN_1=9,"
										46 370 Р									",
https://www.alltime.ru/watch/?PAGEN_1=9,"
										5 230 Р									",
https://www.alltime.ru/watch/?PAGEN_1=9,"
										99 400 Р									",
https://www.alltime.ru/watch/?PAGEN_1=9,"
										46 900 Р									",
https://www.alltime.ru/watch/?PAGEN_1=9,"
										238 000 Р									",
https://www.alltime.ru/watch/?PAGEN_1=9,"
										249 000 Р									",
https://www.alltime.ru/watch/?PAGEN_1=9,"
										12 360 Р									",
https://www.alltime.ru/watch/?PAGEN_1=9,"
										55 190 Р									",
https://www.alltime.ru/watch/?PAGEN_1=9,"
										46 000 Р									",
https://www.alltime.ru/watch/?PAGEN_1=9,"
										47 290 Р									",
https://www.alltime.ru/watch/?PAGEN_1=9,"
										16 490 Р									",
https://www.alltime.ru/watch/?PAGEN_1=9,"
										7 360 Р									",
https://www.alltime.ru/watch/?PAGEN_1=9,"
										109 500 Р									",
https://www.alltime.ru/watch/?PAGEN_1=9,"
										45 490 Р									",
https://www.alltime.ru/watch/?PAGEN_1=9,"
										168 880 Р									",
https://www.alltime.ru/watch/?PAGEN_1=9,"
										43 460 Р									",
https://www.alltime.ru/watch/?PAGEN_1=9,"
										43 420 Р									",
https://www.alltime.ru/watch/?PAGEN_1=9,"
										45 400 Р									",
https://www.alltime.ru/watch/?PAGEN_1=9,"
										289 990 Р									",
